{"searchParameters":{"q":"restaurantes sushi cerca de La Robleria 1501, Lampa","gl":"cl","hl":"es","type":"maps","num":10,"page":1,"engine":"google"},"ll":"@-33.2790433,-70.8201418,13z","places":[{"position":1,"title":"Teke Sushi","address":"Los Halcones 1171, 9380787 Lampa, Región Metropolitana, Chile","latitude":-33.2958764,"longitude":-70.876361,"rating":4.8,"ratingCount":20,"type":"Restaurante","types":["Restaurante"],"phoneNumber":"+56 9 4079 4220","openingHours":{"viernes":"12 p.m.–1 a.m.","sábado":"12 p.m.–1 a.m.","domingo":"12 p.m.–12 a.m.","lunes":"12 p.m.–12 a.m.","martes":"12 p.m.–12 a.m.","miércoles":"12 p.m.–12 a.m.","jueves":"12 p.m.��12 a.m."},"thumbnailUrl":"https://lh3.googleusercontent.com/gps-cs-s/AHVAwequvuoYraCDHKiMTILxWAtF4cHzrTIA9nWfFHXJzLsIKVEEm_3ZpVRi0p63QcHvNW3zHSaQJoVVjMZfm-oJSZ-vX1Ax7ggLZSYQsQ7aN7jRm2yHgoMxWeXW3S1YC6pijROFl5LoRe_u9KN2","cid":"17801096107625136281","fid":"0x966295bca466eac5:0xf70a32987b95c099","placeId":"ChIJxepmpLyVYpYRmcCVe5gyCvc"},{"position":2,"title":"Sushi Hoshikatta lampa","address":"Los Halcones 1360, 9390015 Lampa, Región Metropolitana, Chile","latitude":-33.2952,"longitude":-70.87501,"rating":4.4,"ratingCount":34,"priceLevel":"CLP 5-10 K","phoneNumber":"+56 9 6331 2398","openingHours":{"sábado":"12 p.m.–12 a.m.","domingo":"12 p.m.–12 a.m.","lunes":"12 p.m.–12 a.m.","martes":"12 p.m.–12 a.m.","miércoles":"12 p.m.–12 a.m.","jueves":"12 p.m.–12 a.m.","viernes":"12 p.m.–12 a.m."},"thumbnailUrl":"https://lh3.googleusercontent.com/p/AF1QipNbraEFpzaw5riav_Ow0k3KD5XyZBSol44_5P6q","cid":"5566663362943533190","fid":"0x9662c5dcd6b1da3f:0x4d40c2d5cc6e4086","placeId":"ChIJP9qx1tzFYpYRhkBuzNXCQE0"},{"position":3,"title":"Yaku Sushi Delivery Lampa","address":"Av. La Hacienda 2160, 9380812 Lampa, Región Metropolitana, Chile","latitude":-33.2928879,"longitude":-70.8741713,"rating":4.2,"ratingCount":220,"priceLevel":"CLP 5-10 K","website":"https://www.instagram.com/yaku_sushi_delivery_lampa/","phoneNumber":"+56 9 9926 5951","openingHours":{"sábado":"4–11:30 p.m.","domingo":"Cerrado","lunes":"4–11:30 p.m.","martes":"4–11:30 p.m.","miércoles":"4–11:30 p.m.","jueves":"4–11:30 p.m.","viernes":"4–11:30 p.m."},"thumbnailUrl":"https://lh3.googleusercontent.com/p/AF1QipNidMmSMcLTcegKGz3RpGc5HdS1VrjFP6zsbdo","cid":"1209705901679032621","fid":"0x96629445d44d3b21:0x10c9bd1bb845b92d","placeId":"ChIJITtN1EWUYpYRLblFuBu9yRA"},{"position":4,"title":"okasushi","address":"Los Halcones 1347, 9380732 Lampa, Región Metropolitana, Chile","latitude":-33.2958014,"longitude":-70.8747482,"rating":4.3,"ratingCount":61,"priceLevel":"CLP 10-15 K","type":"Restaurante de sushi","types":["Restaurante de sushi"],"phoneNumber":"+56 9 3207 9661","openingHours":{"sábado":"7–11 p.m.","domingo":"Cerrado","lunes":"7–11 p.m.","martes":"7–11 p.m.","miércoles":"7–11 p.m.","jueves":"7–11 p.m.","viernes":"7–11 p.m."},"thumbnailUrl":"https://lh3.googleusercontent.com/gps-proxy/ALd4DhHAzzWmHMmMcpu0CFUJWXZ2DahoiygwlSMnGnFEzGduLqGfLb8hkZ5OahQ9mpV5KeinApniM5K3QjaHAMFR_xN96N4VrrlIiHOqan9xC1HtzhO1_8WxixQZXiSQ0XNwguBrIZq0DUd8wVCugL8ozmaKFk93V76-jg-6tEU99enp_flOW1bInWQOPw","cid":"205394390928627035","fid":"0x96629444fec3cfa5:0x2d9b51c3e28955b","placeId":"ChIJpc_D_kSUYpYRW5UoPhy12QI"},{"position":5,"title":"Kami Sushi Lampa","address":"Los Halcones 1347, 9380732 Lampa, Región Metropolitana, Chile","latitude":-33.2957976,"longitude":-70.87473969999999,"rating":4.5,"ratingCount":17,"priceLevel":"CLP 5-10 K","type":"Restaurante de sushi","types":["Restaurante de sushi"],"website":"https://www.kamisushi.cl/","phoneNumber":"+56 9 3428 9743","openingHours":{"viernes":"12 p.m.–1 a.m.","sábado":"12 p.m.–1 a.m.","domingo":"12 p.m.–12 a.m.","lunes":"12 p.m.–12 a.m.","martes":"12 p.m.–12 a.m.","miércoles":"12 p.m.–12 a.m.","jueves":"12 p.m.–12 a.m."},"thumbnailUrl":"https://lh3.googleusercontent.com/gps-proxy/ALd4DhFOyjGgeNOXkShbG-FV_FcTc7zAfIXdQAytQNWWt-IpcgU6Hsol2iMo2ha2QNr1PuNjTOU5ErOn1e2fxOz4jh9n7q53h_mU_oDHRu1gIhwyyYeSLdoP7IFhBV0B85xF_Mb_E8MPmuIccBoLdZdSnja4UbLZeEw_AF0_2hufjVwEZculgnRwWGav_Q","cid":"2372094773404684074","fid":"0x966295f94dfac98d:0x20eb5fa0e658cf2a","placeId":"ChIJjcn6TfmVYpYRKs9Y5qBf6yA"},{"position":6,"title":"HAPPY SUSHI LAMPA","address":"Arturo Prat 1377, 9380208 Lampa, Región Metropolitana, Chile","latitude":-33.2868147,"longitude":-70.87379849999999,"rating":5,"ratingCount":4,"type":"Restaurante de sushi","types":["Restaurante de sushi"],"phoneNumber":"+56 9 7122 3025","openingHours":{"sábado":"12–10:40 p.m.","domingo":"4:30–9:40 p.m.","lunes":"12–10:10 p.m.","martes":"12–10:10 p.m.","miércoles":"12–10:10 p.m.","jueves":"12–10:10 p.m.","viernes":"12–10:10 p.m."},"thumbnailUrl":"https://lh3.googleusercontent.com/p/AF1QipM9ieXIPnxSIXuZ9c7wHoueJMBhUyglj68r9nm3","cid":"15906834159987204250","fid":"0x9662950002602a2d:0xdcc06d63f716209a","placeId":"ChIJLSpgAgCVYpYRmiAW92NtwNw"},{"position":7,"title":"Merengue de azucar y sal","address":"Los Halcones, Larapinta Ote. 1267, Lampa, Región Metropolitana, Chile","latitude":-33.2958334,"longitude":-70.8754881,"rating":4.6,"ratingCount":10,"type":"Restaurante de comida rápida","types":["Restaurante de comida rápida","Restaurante"],"phoneNumber":"+56 9 6707 0792","openingHours":{"sábado":"5 p.m.–12 a.m.","domingo":"5 p.m.–12 a.m.","lunes":"Cerrado","martes":"5 p.m.–12 a.m.","miércoles":"5 p.m.–12 a.m.","jueves":"5 p.m.–12 a.m.","viernes":"5 p.m.–12 a.m."},"thumbnailUrl":"https://lh3.googleusercontent.com/gps-cs-s/AHVAweouDP6CD-UNEKa1Q9HpMZi86mRGmfnutPzi_65pPgnBhPUcW4y5mtrxWA_wAs1KU09M9xhENAePOwnc2kCSd0b93frEFkOcZpU4dG7hf8JrMQSMZTzuy5vBg7nKgwtO-QN8krey","cid":"10032926926363395734","fid":"0x96629594276c25f5:0x8b3c1de1ff578696","placeId":"ChIJ9SVsJ5SVYpYRloZX_-EdPIs"},{"position":8,"title":"KAM SUSHI LAMPA","address":"Isabel Riquelme 117, Lampa, Región Metropolitana, Chile","latitude":-33.2790837,"longitude":-70.8888411,"rating":4.8,"ratingCount":9,"priceLevel":"CLP 5-10 K","type":"Restaurante de sushi","types":["Restaurante de sushi"],"phoneNumber":"+56 9 2220 2344","openingHours":{"sábado":"3–10:30 p.m.","domingo":"3–11 p.m.","lunes":"3–11 p.m.","martes":"3–11 p.m.","miércoles":"3–11 p.m.","jueves":"3–11 p.m.","viernes":"3–11 p.m."},"thumbnailUrl":"https://lh3.googleusercontent.com/p/AF1QipMgErKhspBdCMQ7RGYoKfSD40cxLKzV49pQiGIE","cid":"16239106650152571204","fid":"0x9662954548f3e45d:0xe15ce575b8071144","placeId":"ChIJXeTzSEWVYpYRRBEHuHXlXOE"},{"position":9,"title":"Shaolin sushi lampa","address":"Los Halcones 1270, 9380473 Lampa, Región Metropolitana, Chile","latitude":-33.2953079,"longitude":-70.8763225,"rating":3.2,"ratingCount":100,"priceLevel":"CLP 5-10 K","type":"Restaurante","types":["Restaurante"],"phoneNumber":"+56 9 5392 5687","openingHours":{"viernes":"12 p.m.–12:30 a.m.","sábado":"12–10 p.m.","domingo":"12–11 p.m.","lunes":"12–11:30 p.m.","martes":"12–11:30 p.m.","miércoles":"12–11:30 p.m.","jueves":"12–11:30 p.m."},"thumbnailUrl":"https://lh3.googleusercontent.com/gps-cs-s/AHVAweomMyuFBhDQ_O9P7rt6a8mVQyZkA0ET_ZWYz0nWPiBp3x1Hc2SN92Fy2B6tNbzjFcfAKwTJluLh9HiHIBWdsW1Gjkif6J1__uEzmj-zpcpfidA7NPpajJdnp7v71XVWkpdV2j1z","cid":"7228271999815259776","fid":"0x966295eb25f34071:0x644ffb1638e41680","placeId":"ChIJcUDzJeuVYpYRgBbkOBb7T2Q"},{"position":10,"title":"Sushi Polleria","address":"Los Halcones 1545, 9380000 Lampa, Región Metropolitana, Chile","latitude":-33.29562,"longitude":-70.8729276,"rating":4.5,"ratingCount":2,"type":"Restaurante de comida rápida","types":["Restaurante de comida rápida"],"thumbnailUrl":"https://lh3.googleusercontent.com/gps-cs-s/AHVAwerznzuD5i1xTVd_q9Mun5aGlZEP4v4kuBpZK2_wpHRVqZBkgxoQSOVpsySNymRFB_DSSF_7qTlAIsd-koNIdGcgPS1gWKv3EJx6khLqDCQDEkK0vFhmxvsBzSM7bisNcx0edeV0vVbDj6dS","cid":"9512866763805510943","fid":"0x9662950047479047:0x84047deb9c3f4d1f","placeId":"ChIJR5BHRwCVYpYRH00_nOt9BIQ"},{"position":11,"title":"Restaurant de comida china Hua juan.","address":"Los Halcones 1220, 9380473 Lampa, Región Metropolitana, Chile","latitude":-33.295321,"longitude":-70.8765143,"rating":4.3,"ratingCount":230,"type":"Restaurante","types":["Restaurante"],"phoneNumber":"+56 2 3227 0425","openingHours":{"sábado":"12 p.m.–12 a.m.","domingo":"12 p.m.–12 a.m.","lunes":"12 p.m.–12 a.m.","martes":"12 p.m.–12 a.m.","miércoles":"12 p.m.–12 a.m.","jueves":"12 p.m.–12 a.m.","viernes":"12 p.m.–12 a.m."},"thumbnailUrl":"https://lh3.googleusercontent.com/gps-cs-s/AHVAwep5lMkYTTUq-j9F812ohpOFGvMDLE6gaWw56gGn5MuIw-evmsdkHEfQdUV3EPntL63MI1qZJ7evY0R3bbuVtII5gxzhGliEk-AWoYm-eG6uKS-2DMwZaz7ET5mlr3jQVLxkI-mZ","cid":"3981790645264876577","fid":"0x96629444553cc5d9:0x3742297ed4fc8421","placeId":"ChIJ2cU8VUSUYpYRIYT81H4pQjc"},{"position":12,"title":"Naruto Sushi","address":"9390124 Lampa, Región Metropolitana, Chile","latitude":-33.2859137,"longitude":-70.8776176,"rating":2.2,"ratingCount":10,"type":"Restaurante de sushi","types":["Restaurante de sushi"],"website":"https://www.facebook.com/share/16wmmPALsL/","phoneNumber":"+56 9 3299 2487","openingHours":{"viernes":"11 a.m.–1 a.m.","sábado":"11 a.m.–1 a.m.","domingo":"11 a.m.–12 a.m.","lunes":"11 a.m.–12 a.m.","martes":"11 a.m.–12 a.m.","miércoles":"11 a.m.–12 a.m.","jueves":"11 a.m.–12 a.m."},"thumbnailUrl":"https://lh3.googleusercontent.com/gps-cs-s/AHVAweoaGgoHRZHZrACu6xgpDTFtp_Hm3VqzMXrNsD40Q2_65o93tekL3lOOFMLXhmUaq3DH8xWkBeTzKRpEseL40ggHrblpK3Yw9VgNN7EVJpB3LQMyE00-xgjPOIXYg0C92Q55QYNvnIsIHPS1","cid":"4411378866141554786","fid":"0x966295000aca8265:0x3d385db4ce086862","placeId":"ChIJZYLKCgCVYpYRYmgIzrRdOD0"},{"position":13,"title":"Comida China","address":"Av. La Hacienda 2360, 9380482 Lampa, Región Metropolitana, Chile","latitude":-33.2948768,"longitude":-70.8737663,"rating":4.2,"ratingCount":593,"priceLevel":"CLP 5-10 K","type":"Restaurante","types":["Restaurante"],"phoneNumber":"+56 2 2728 3594","openingHours":{"sábado":"11:15 a.m.–10 p.m.","domingo":"11:15 a.m.–10 p.m.","lunes":"11:15 a.m.–10 p.m.","martes":"11:15 a.m.–10 p.m.","miércoles":"11:15 a.m.–10 p.m.","jueves":"11:15 a.m.–10 p.m.","viernes":"11:15 a.m.–10 p.m."},"thumbnailUrl":"https://lh3.googleusercontent.com/gps-cs-s/AHVAweorUfYzpJ6VfzvWNO23K1dGYZWAjXQkNwc6c36g72xtS6qjGDDQilf9urhIUuSQuDJosvbIqE7EsrNsupFlKd3p7W7cvkQfSeZLaUb5U8H1MX839l15t-KF3e58FEuHbi0J0BY","cid":"14807940656687115557","fid":"0x96629445a7d008af:0xcd805f9248e66d25","placeId":"ChIJrwjQp0WUYpYRJW3mSJJfgM0"},{"position":14,"title":"Sushileno","address":"Arturo Prat 752, 8320000 Lampa, Región Metropolitana, Chile","latitude":-33.2861755,"longitude":-70.88060329999999,"rating":4.1,"ratingCount":7,"priceLevel":"CLP 10-15 K","type":"Restaurante chino","types":["Restaurante chino"],"phoneNumber":"+56 9 4899 0312","openingHours":{"sábado":"1–11:30 p.m.","domingo":"1–11:30 p.m.","lunes":"1–11:30 p.m.","martes":"1–11:30 p.m.","miércoles":"1–11:30 p.m.","jueves":"1–11:30 p.m.","viernes":"1–11:30 p.m."},"thumbnailUrl":"https://lh3.googleusercontent.com/gps-cs-s/AHVAwepkVPjMDLI7GFMYHI_ENhXb3e6js66N-fxqhfInyeDWvKiOIic-2MBe2DGkBSvCq1Znzpk-fGYUYgwXXXtNaK9BSd72e3zPhoA2suf1-j2JR5GgN4DrF9JqpZscCfs-h86ag7ct","cid":"17737622489007118917","fid":"0x966295000a9fe74b:0xf628b1ad013fda45","placeId":"ChIJS-efCgCVYpYRRdo_Aa2xKPY"},{"position":15,"title":"Taki Sushi","address":"Larapinta Ote., Lampa, Región Metropolitana, Chile","latitude":-33.2954474,"longitude":-70.8735137,"phoneNumber":"+56 9 2074 9707","openingHours":{"sábado":"3 p.m.–12 a.m.","domingo":"2–9 p.m.","lunes":"Cerrado","martes":"Cerrado","miércoles":"Cerrado","jueves":"Cerrado","viernes":"6 p.m.–12 a.m."},"thumbnailUrl":"https://streetviewpixels-pa.googleapis.com/v1/thumbnail?panoid=wjl8xys4MsIdOR4qu42UJg&cb_client=search.gws-prod.gps&w=80&h=92&yaw=167.74431&pitch=0&thumbfov=100","cid":"11286114809662740204","fid":"0x966295d247c8b109:0x9ca0559f7c3916ec","placeId":"ChIJCbHIR9KVYpYR7BY5fJ9VoJw"},{"position":16,"title":"bonsai nikkei sushi","address":"La Montaña Sur 3019, 9340000 Lampa, Región Metropolitana, Chile","latitude":-33.3265072,"longitude":-70.7514425,"rating":4.5,"ratingCount":40,"phoneNumber":"+56 9 5019 0192","openingHours":{"sábado":"1–11 p.m.","domingo":"Cerrado","lunes":"6–11 p.m.","martes":"6–11 p.m.","miércoles":"6–11 p.m.","jueves":"6–11 p.m.","viernes":"6–11 p.m."},"thumbnailUrl":"https://lh3.googleusercontent.com/p/AF1QipPh9vPmYEhfkl10xkrg8BtPxYC9u1_fPPnG5NTf","cid":"14989496752988113971","fid":"0x9662bfd3245b17ed:0xd00563e10bba4c33","placeId":"ChIJ7RdbJNO_YpYRM0y6C-FjBdA"},{"position":17,"title":"Restaurante Comida China Delivery CHANG SHENG","address":"Av. Los Halcones 1480 Esquina Av. La Hacienda, 9380482 Lampa, Región Metropolitana, Chile","latitude":-33.2951299,"longitude":-70.8736926,"rating":4.4,"ratingCount":48,"type":"Restaurante chino","types":["Restaurante chino"],"phoneNumber":"+56 9 6120 8182","openingHours":{"sábado":"12–11 p.m.","domingo":"12–11 p.m.","lunes":"12–11 p.m.","martes":"12–11 p.m.","miércoles":"12–11 p.m.","jueves":"12–11 p.m.","viernes":"12–11 p.m."},"thumbnailUrl":"https://lh3.googleusercontent.com/p/AF1QipOtgsoFLi8Hmyx0JOGEg0HLNk2dgeuG6Rp1BWHL","cid":"12223930578199473308","fid":"0x966295c5eb3a9a19:0xa9a42018809d6c9c","placeId":"ChIJGZo668WVYpYRnGydgBggpKk"},{"position":18,"title":"Alask-rolls","address":"Ignacio Serrano, Lampa, Región Metropolitana, Chile","latitude":-33.2858302,"longitude":-70.87782109999999,"rating":3,"ratingCount":3,"type":"Restaurante de sushi","types":["Restaurante de sushi"],"thumbnailUrl":"https://lh3.googleusercontent.com/gps-cs-s/AHVAwerfMTVHkw07Pe8KBaNu_M6mCp2HmGpsYArXncekZ1Ttyc6hcJOOxsarzQa5AKce7RD8AICPLwey0Dy9Ki1Iz-3hEsHXd0SCBsnfTfrNXp4N1HuoIk9NbALQqsAC5GcpK71Jmkew","cid":"7417864792413037285","fid":"0x966295006084faed:0x66f18cba27a7e2e5","placeId":"ChIJ7fqEYACVYpYR5eKnJ7qM8WY"},{"position":19,"title":"Kamu Sushi","address":"Algarrobo 170 ,Batuco, Santiago, Lampa, Región Metropolitana, Chile","latitude":-33.2415646,"longitude":-70.81555759999999,"rating":4.4,"ratingCount":288,"priceLevel":"$$","type":"Restaurante","types":["Restaurante"],"website":"https://www.facebook.com/kamu.batuco/","phoneNumber":"+56 9 5046 1854","openingHours":{"sábado":"1–3 p.m., 6–11:30 p.m.","domingo":"Cerrado","lunes":"1–3 p.m., 6–11:30 p.m.","martes":"1–3 p.m., 6–11:30 p.m.","miércoles":"1–3 p.m., 6–11:30 p.m.","jueves":"1–3 p.m., 6–11:30 p.m.","viernes":"1–3 p.m., 6–11:30 p.m."},"bookingLinks":["https://www.google.com/maps/reserve/v/dine/c/vgpFAaI7F7E?source=pa&opi=79508299"],"thumbnailUrl":"https://lh3.googleusercontent.com/gps-cs-s/AHVAwepAqZOizUFPjz1KudytazwMOgi7cCXfm8ukBwVRCi216wMPrqJ0ibP1H66PUqIEe5s7qUYogBbT74qqpXUTYuQNe6eE3DXneylhzwi3Uz-kZsgKG-6ASrC7JKm095ZVKsWXS0VS","cid":"1254236723687528951","fid":"0x9662961dd6c4cb09:0x1167f1a7aba519f7","placeId":"ChIJCcvE1h2WYpYR9xmlq6fxZxE"},{"position":20,"title":"OKASUSHI Batuco","address":"Centro comercial Santa Helena Local 11, Batuco 9380000 Santiago, 9380000, Región Metropolitana, Chile","latitude":-33.2315793,"longitude":-70.7709481,"rating":4.4,"ratingCount":212,"priceLevel":"CLP 10-15 K","type":"Restaurante","types":["Restaurante"],"website":"http://www.sushibatuco.cl/","phoneNumber":"+56 9 7367 5834","openingHours":{"sábado":"3–10:30 p.m.","domingo":"3–9 p.m.","lunes":"3–10:30 p.m.","martes":"3–10:30 p.m.","miércoles":"3–10:30 p.m.","jueves":"3–10:30 p.m.","viernes":"3–10:30 p.m."},"thumbnailUrl":"https://lh3.googleusercontent.com/gps-cs-s/AHVAwerlzVUTPnK5yqYWXzg8p6mxLU9nFzgj4mDpYtMExxT2-Ih9jCjUbG0dzvg51gM20boWX8CkegTigq78ZiJPmOwaWZIJ2MqyzyKLOpMHjcruoZMxeDlHiM2KIl6TA0a--qp_mhO3","cid":"9021758172003657354","fid":"0x9662bdc95db9efd7:0x7d33b94213c1668a","placeId":"ChIJ1--5Xcm9YpYRimbBE0K5M30"}],"credits":3}